type1,type2,name,feistiness	
grass,ice,Abomasnow,0.97	
psychic,unknown,Abra,1.03	
dark,unknown,Absol,3.19	
bug,unknown,Accelgor,2.77	
steel,ghost,Aegislash,2.83	
rock,flying,Aerodactyl,2.29	
steel,rock,Aggron,0.39	
normal,unknown,Aipom,6.09	
psychic,unknown,Alakazam,1.04	
water,unknown,Alomomola,2.37	
dragon,flying,Altaria,5.34	
rock,ice,Amaura,2.34	
normal,unknown,Ambipom,4.93	
grass,poison,Amoonguss,8.1	
electric,unknown,Ampharos,1.54	
rock,bug,Anorith,7.6	
water,bug,Araquanid,0.85	
poison,unknown,Arbok,1.46	
fire,unknown,Arcanine,0.71	
normal,unknown,Arceus,0.38	
rock,flying,Archen,11.79	
rock,flying,Archeops,4.38	
bug,poison,Ariados,2.69	
rock,bug,Armaldo,1.83	
fairy,unknown,Aromatisse,4.65	
steel,rock,Aron,1.17	
ice,flying,Articuno,1.53	
normal,unknown,Audino,1.94	
rock,ice,Aurorus,0.34	
ice,unknown,Avalugg,0.23	
dragon,unknown,Axew,4.83	
psychic,unknown,Azelf,416.67	
water,fairy,Azumarill,1.75	
normal,fairy,Azurill,10.0	
dragon,unknown,Bagon,1.78	
ground,psychic,Baltoy,1.86	
ghost,unknown,Banette,13.2	
rock,water,Barbaracle,1.09	
water,ground,Barboach,25.26	
water,unknown,Basculin,5.11	
rock,steel,Bastiodon,0.35	
grass,unknown,Bayleef,3.92	
ice,unknown,Beartic,0.5	
bug,flying,Beautifly,2.46	
bug,poison,Beedrill,5.08	
psychic,unknown,Beheeyem,2.17	
steel,psychic,Beldum,0.58	
grass,unknown,Bellossom,13.79	
grass,poison,Bellsprout,18.75	
ice,unknown,Bergmite,0.69	
normal,fighting,Bewear,0.93	
normal,water,Bibarel,2.7	
normal,unknown,Bidoof,2.25	
rock,water,Binacle,1.68	
dark,steel,Bisharp,1.79	
water,unknown,Blastoise,1.2	
fire,fighting,Blaziken,3.08	
normal,unknown,Blissey,0.21	
electric,unknown,Blitzle,2.01	
rock,unknown,Boldore,1.03	
rock,unknown,Bonsly,5.33	
normal,unknown,Bouffalant,1.16	
grass,unknown,Bounsweet,9.38	
fire,unknown,Braixen,4.07	
normal,flying,Braviary,3.0	
grass,fighting,Breloom,3.32	
water,unknown,Brionne,3.94	
steel,psychic,Bronzong,0.48	
steel,psychic,Bronzor,0.4	
water,psychic,Bruxish,5.53	
grass,poison,Budew,25.0	
water,unknown,Buizel,2.2	
grass,poison,Bulbasaur,7.1	
normal,unknown,Buneary,12.0	
normal,unknown,Bunnelby,7.2	
bug,unknown,Burmy,8.53	
bug,flying,Butterfree,1.41	
bug,fighting,Buzzwole,0.42	
grass,unknown,Cacnea,1.66	
grass,dark,Cacturne,1.49	
fire,ground,Camerupt,0.55	
rock,fairy,Carbink,8.77	
grass,unknown,Carnivine,3.7	
water,rock,Carracosta,1.33	
water,dark,Carvanha,4.33	
bug,unknown,Cascoon,3.04	
normal,unknown,Castform,87.5	
bug,unknown,Caterpie,10.34	
psychic,grass,Celebi,20.0	
steel,flying,Celesteela,0.1	
ghost,fire,Chandelure,1.6	
normal,unknown,Chansey,0.14	
fire,flying,Charizard,1.15	
bug,electric,Charjabug,7.81	
fire,unknown,Charmander,6.12	
fire,unknown,Charmeleon,3.37	
normal,flying,Chatot,34.21	
grass,unknown,Cherrim,6.45	
grass,unknown,Cherubi,10.61	
grass,fighting,Chesnaught,1.19	
grass,unknown,Chespin,6.78	
grass,unknown,Chikorita,7.66	
fire,unknown,Chimchar,9.35	
psychic,unknown,Chimecho,50.0	
water,electric,Chinchou,3.17	
psychic,unknown,Chingling,50.0	
normal,unknown,Cinccino,12.67	
water,unknown,Clamperl,1.22	
water,unknown,Clauncher,6.39	
water,unknown,Clawitzer,2.07	
ground,psychic,Claydol,0.65	
fairy,unknown,Clefable,1.75	
fairy,unknown,Clefairy,6.0	
fairy,unknown,Cleffa,8.33	
water,ice,Cloyster,0.72	
steel,fighting,Cobalion,0.36	
ghost,unknown,Cofagrigus,0.65	
bug,flying,Combee,5.45	
fire,fighting,Combusken,4.36	
fairy,unknown,Comfey,173.33	
fighting,unknown,Conkeldurr,1.61	
water,unknown,Corphish,6.96	
water,rock,Corsola,11.0	
psychic,unknown,Cosmoem,0.03	
psychic,unknown,Cosmog,290.0	
grass,fairy,Cottonee,45.0	
fighting,ice,Crabominable,0.73	
fighting,unknown,Crabrawler,11.71	
rock,grass,Cradily,1.34	
rock,unknown,Cranidos,3.97	
water,dark,Crawdaunt,3.66	
psychic,unknown,Cresselia,0.82	
poison,fighting,Croagunk,2.65	
poison,flying,Crobat,1.2	
water,unknown,Croconaw,3.2	
bug,rock,Crustle,0.53	
ice,unknown,Cryogonal,0.34	
ice,unknown,Cubchoo,8.24	
ground,unknown,Cubone,7.69	
bug,fairy,Cutiefly,225.0	
fire,unknown,Cyndaquil,6.58	
dark,unknown,Darkrai,1.78	
fire,fire,Darmanitan,0.32	
grass,flying,Dartrix,4.69	
fire,unknown,Darumaka,2.4	
grass,ghost,Decidueye,2.92	
electric,fairy,Dedenne,26.36	
normal,grass,Deerling,3.08	
dark,dragon,Deino,3.76	
normal,unknown,Delcatty,1.99	
ice,flying,Delibird,3.44	
fire,psychic,Delphox,1.77	
psychic,unknown,Deoxys,1.56	
water,ice,Dewgong,0.58	
water,unknown,Dewott,3.06	
water,bug,Dewpider,10.0	
ghost,grass,Dhelmise,0.62	
steel,dragon,Dialga,0.18	
rock,fairy,Diancie,18.18	
normal,ground,Diggersby,1.32	
normal,unknown,Ditto,12.0	
normal,flying,Dodrio,1.29	
normal,flying,Doduo,2.17	
ground,unknown,Donphan,1.0	
steel,ghost,Doublade,24.44	
poison,dragon,Dragalge,0.92	
dragon,unknown,Dragonair,5.09	
dragon,flying,Dragonite,0.64	
normal,dragon,Drampa,0.32	
poison,dark,Drapion,1.46	
dragon,unknown,Dratini,19.39	
ghost,flying,Drifblim,5.33	
ghost,flying,Drifloon,41.67	
ground,unknown,Drilbur,10.0	
psychic,unknown,Drowzee,1.48	
dragon,unknown,Druddigon,0.86	
water,flying,Ducklett,8.0	
normal,unknown,Dunsparce,5.0	
psychic,unknown,Duosion,5.0	
bug,steel,Durant,3.3	
ghost,unknown,Dusclops,2.29	
ghost,unknown,Dusknoir,0.94	
ghost,unknown,Duskull,2.67	
bug,poison,Dustox,1.58	
bug,rock,Dwebble,4.48	
electric,unknown,Eelektrik,3.86	
electric,unknown,Eelektross,1.43	
normal,unknown,Eevee,8.46	
poison,unknown,Ekans,8.7	
electric,unknown,Electabuzz,2.77	
electric,unknown,Electivire,0.89	
electric,unknown,Electrike,2.96	
electric,unknown,Electrode,0.75	
electric,unknown,Elekid,2.68	
psychic,unknown,Elgyem,6.11	
fire,fighting,Emboar,0.82	
electric,flying,Emolga,15.0	
water,steel,Empoleon,1.02	
fire,unknown,Entei,0.58	
bug,steel,Escavalier,4.09	
psychic,unknown,Espeon,2.45	
psychic,unknown,Espurr,13.71	
ground,steel,Excadrill,3.34	
grass,psychic,Exeggcute,16.0	
normal,unknown,Exploud,1.08	
normal,flying,Farfetch'd,6.0	
normal,flying,Fearow,2.37	
water,unknown,Feebas,2.03	
fire,unknown,Fennekin,4.79	
water,unknown,Feraligatr,1.18	
grass,steel,Ferroseed,2.66	
grass,steel,Ferrothorn,0.85	
water,unknown,Finneon,7.0	
electric,unknown,Flaaffy,4.14	
fairy,unknown,Flabébé,380.0	
fire,unknown,Flareon,5.2	
fire,flying,Fletchinder,4.56	
normal,flying,Fletchling,29.41	
water,unknown,Floatzel,3.13	
fairy,unknown,Floette,72.22	
fairy,unknown,Florges,6.5	
ground,dragon,Flygon,1.22	
grass,unknown,Fomantis,36.67	
grass,poison,Foongus,55.0	
bug,steel,Forretress,0.72	
dragon,unknown,Fraxure,3.25	
water,ghost,Frillish,1.21	
water,unknown,Froakie,8.0	
water,unknown,Frogadier,5.78	
ice,ghost,Froslass,3.01	
normal,unknown,Furfrou,2.86	
normal,unknown,Furret,2.34	
dragon,ground,Gabite,1.61	
psychic,fighting,Gallade,3.17	
bug,electric,Galvantula,5.38	
poison,unknown,Garbodor,0.89	
dragon,ground,Garchomp,1.79	
psychic,fairy,Gardevoir,1.76	
ghost,poison,Gastly,350.0	
water,ground,Gastrodon,2.78	
bug,steel,Genesect,1.45	
ghost,poison,Gengar,1.6	
dragon,ground,Gible,3.41	
rock,unknown,Gigalith,0.52	
normal,psychic,Girafarig,1.93	
ghost,dragon,Giratina,0.16	
ice,unknown,Glaceon,2.32	
ice,unknown,Glalie,0.47	
normal,unknown,Glameow,14.1	
ground,flying,Gligar,1.16	
ground,flying,Gliscor,2.24	
grass,poison,Gloom,7.56	
grass,unknown,Gogoat,1.1	
poison,flying,Golbat,1.45	
water,unknown,Goldeen,4.47	
water,unknown,Golduck,1.07	
ground,ghost,Golett,0.8	
bug,water,Golisopod,1.16	
ground,ghost,Golurk,0.38	
dragon,unknown,Goodra,0.66	
dragon,unknown,Goomy,17.86	
water,unknown,Gorebyss,3.72	
psychic,unknown,Gothita,5.17	
psychic,unknown,Gothitelle,1.25	
psychic,unknown,Gothorita,2.5	
ghost,grass,Gourgeist,2.56	
fairy,unknown,Granbull,2.46	
water,dark,Greninja,3.62	
grass,unknown,Grotle,0.92	
ground,unknown,Groudon,0.19	
grass,unknown,Grovyle,3.01	
fire,unknown,Growlithe,3.68	
bug,unknown,Grubbin,14.09	
psychic,unknown,Grumpig,0.63	
poison,unknown,Gulpin,4.17	
normal,unknown,Gumshoos,7.75	
fighting,unknown,Gurdurr,2.62	
dark,dragon,Guzzlord,0.11	
water,flying,Gyarados,0.66	
dragon,fighting,Hakamo-o,1.6	
normal,unknown,Happiny,0.2	
fighting,unknown,Hariyama,0.47	
ghost,poison,Haunter,500.0	
fighting,flying,Hawlucha,4.28	
dragon,unknown,Haxorus,1.39	
fire,unknown,Heatmor,1.67	
fire,steel,Heatran,0.21	
electric,normal,Heliolisk,2.62	
electric,normal,Helioptile,6.33	
bug,fighting,Heracross,3.43	
normal,unknown,Herdier,5.44	
ground,unknown,Hippopotas,1.45	
ground,unknown,Hippowdon,0.37	
fighting,unknown,Hitmonchan,2.09	
fighting,unknown,Hitmonlee,2.41	
fighting,unknown,Hitmontop,1.98	
fire,flying,Ho-Oh,0.65	
dark,flying,Honchkrow,4.58	
steel,ghost,Honedge,40.0	
normal,flying,Hoothoot,1.42	
grass,flying,Hoppip,70.0	
water,unknown,Horsea,5.0	
dark,fire,Houndoom,2.57	
dark,fire,Houndour,5.56	
water,unknown,Huntail,3.85	
dark,dragon,Hydreigon,0.66	
psychic,unknown,Hypno,0.97	
normal,fairy,Igglybuff,30.0	
bug,unknown,Illumise,2.66	
fire,dark,Incineroar,1.39	
fire,fighting,Infernape,1.89	
dark,psychic,Inkay,15.43	
grass,poison,Ivysaur,4.77	
dragon,unknown,Jangmo-o,1.85	
water,ghost,Jellicent,0.44	
normal,fairy,Jigglypuff,8.18	
steel,psychic,Jirachi,90.91	
electric,unknown,Jolteon,2.65	
bug,electric,Joltik,78.33	
grass,flying,Jumpluff,18.33	
ice,psychic,Jynx,1.23	
rock,water,Kabuto,6.96	
rock,water,Kabutops,2.84	
psychic,unknown,Kadabra,0.62	
bug,poison,Kakuna,2.5	
normal,unknown,Kangaskhan,1.56	
bug,unknown,Karrablast,12.71	
grass,steel,Kartana,1810.0	
normal,unknown,Kecleon,4.09	
water,fighting,Keldeo,1.48	
water,dragon,Kingdra,0.62	
water,unknown,Kingler,2.17	
psychic,fairy,Kirlia,1.73	
steel,unknown,Klang,1.57	
steel,fairy,Klefki,26.67	
steel,unknown,Klink,2.62	
steel,unknown,Klinklang,1.23	
poison,unknown,Koffing,65.0	
normal,unknown,Komala,5.78	
dragon,fighting,Kommo-o,1.41	
water,unknown,Krabby,16.15	
bug,unknown,Kricketot,11.36	
bug,unknown,Kricketune,3.33	
ground,dark,Krokorok,2.46	
ground,dark,Krookodile,1.21	
water,unknown,Kyogre,0.43	
dragon,ice,Kyurem,0.37	
steel,rock,Lairon,0.75	
ghost,fire,Lampent,3.08	
ground,flying,Landorus,2.13	
water,electric,Lanturn,2.58	
water,ice,Lapras,0.39	
bug,fire,Larvesta,2.95	
rock,ground,Larvitar,0.89	
dragon,psychic,Latias,2.5	
dragon,psychic,Latios,2.17	
grass,unknown,Leafeon,4.31	
bug,grass,Leavanny,5.02	
bug,flying,Ledian,0.98	
bug,flying,Ledyba,1.85	
normal,unknown,Lickilicky,0.61	
normal,unknown,Lickitung,0.84	
dark,unknown,Liepard,2.35	
rock,grass,Lileep,1.72	
grass,unknown,Lilligant,3.68	
normal,unknown,Lillipup,14.63	
normal,unknown,Linoone,2.15	
fire,normal,Litleo,3.7	
fire,unknown,Litten,15.12	
ghost,fire,Litwick,9.68	
water,grass,Lombre,1.54	
normal,unknown,Lopunny,4.08	
water,grass,Lotad,11.54	
normal,unknown,Loudred,1.75	
fighting,steel,Lucario,2.69	
water,grass,Ludicolo,1.27	
psychic,flying,Lugia,0.42	
water,unknown,Lumineon,2.88	
psychic,ghost,Lunala,0.94	
rock,psychic,Lunatone,0.33	
grass,unknown,Lurantis,5.68	
water,unknown,Luvdisc,3.45	
electric,unknown,Luxio,2.79	
electric,unknown,Luxray,2.86	
fighting,unknown,Machamp,1.0	
fighting,unknown,Machoke,1.42	
fighting,unknown,Machop,4.1	
fire,unknown,Magby,3.5	
fire,rock,Magcargo,0.91	
steel,fairy,Magearna,1.18	
water,unknown,Magikarp,1.0	
fire,unknown,Magmar,2.13	
fire,unknown,Magmortar,1.4	
electric,steel,Magnemite,5.83	
electric,steel,Magneton,1.0	
electric,steel,Magnezone,0.39	
fighting,unknown,Makuhita,0.69	
dark,psychic,Malamar,1.96	
ice,ground,Mamoswine,0.45	
water,unknown,Manaphy,71.43	
dark,flying,Mandibuzz,1.65	
electric,unknown,Manectric,1.87	
fighting,unknown,Mankey,2.86	
water,flying,Mantine,0.18	
water,flying,Mantyke,0.31	
grass,unknown,Maractus,3.07	
poison,water,Mareanie,6.62	
electric,unknown,Mareep,5.13	
water,fairy,Marill,2.35	
water,ground,Marshtomp,3.04	
bug,flying,Masquerain,16.67	
steel,fairy,Mawile,9.13	
fighting,psychic,Medicham,3.17	
fighting,psychic,Meditite,3.57	
grass,unknown,Meganium,0.82	
normal,psychic,Meloetta,19.69	
psychic,unknown,Meowstic,5.65	
psychic,unknown,Mesprit,350.0	
steel,psychic,Metagross,0.26	
steel,psychic,Metang,0.37	
bug,unknown,Metapod,2.02	
psychic,unknown,Mew,25.0	
psychic,unknown,Mewtwo,1.23	
fighting,unknown,Mienfoo,4.25	
fighting,unknown,Mienshao,3.52	
dark,unknown,Mightyena,2.43	
water,unknown,Milotic,0.37	
normal,unknown,Miltank,1.06	
psychic,fairy,Mime Jr.,1.92	
ghost,fairy,Mimikyu,128.57	
normal,unknown,Minccino,8.62	
rock,flying,Minior,2.5	
electric,unknown,Minun,9.52	
ghost,unknown,Misdreavus,60.0	
ghost,unknown,Mismagius,13.64	
fire,flying,Moltres,1.67	
fire,fighting,Monferno,3.55	
grass,fairy,Morelull,23.33	
bug,flying,Mothim,4.03	
psychic,fairy,Mr. Mime,0.83	
ground,unknown,Mudbray,0.91	
water,unknown,Mudkip,9.21	
ground,unknown,Mudsdale,0.14	
normal,unknown,Munchlax,0.81	
psychic,unknown,Munna,1.07	
dark,flying,Murkrow,40.48	
psychic,unknown,Musharna,0.91	
psychic,flying,Natu,25.0	
psychic,unknown,Necrozma,0.47	
poison,ground,Nidoking,1.65	
poison,ground,Nidoqueen,1.53	
poison,unknown,Nidoran♀,6.71	
poison,unknown,Nidoran♂,6.33	
poison,unknown,Nidorina,3.1	
poison,unknown,Nidorino,3.69	
rock,poison,Nihilego,0.95	
bug,ground,Nincada,8.18	
bug,flying,Ninjask,7.5	
normal,flying,Noctowl,1.23	
flying,dragon,Noibat,3.75	
flying,dragon,Noivern,0.82	
rock,unknown,Nosepass,0.46	
fire,ground,Numel,2.5	
grass,dark,Nuzleaf,2.5	
water,unknown,Octillery,3.68	
grass,poison,Oddish,9.26	
rock,water,Omanyte,5.33	
rock,water,Omastar,1.71	
rock,ground,Onix,0.21	
normal,psychic,Oranguru,0.79	
fire,flying,Oricorio,20.59	
water,unknown,Oshawott,9.32	
electric,unknown,Pachirisu,11.54	
water,dragon,Palkia,0.36	
ghost,ground,Palossand,0.3	
water,ground,Palpitoad,3.82	
fighting,unknown,Pancham,10.25	
fighting,dark,Pangoro,0.91	
water,unknown,Panpour,3.93	
grass,unknown,Pansage,5.05	
fire,unknown,Pansear,4.82	
bug,grass,Paras,12.96	
bug,grass,Parasect,3.22	
fighting,unknown,Passimian,1.45	
normal,unknown,Patrat,4.74	
dark,steel,Pawniard,8.33	
water,flying,Pelipper,1.79	
grass,unknown,Petilil,5.3	
ground,unknown,Phanpy,1.79	
ghost,grass,Phantump,10.0	
bug,fighting,Pheromosa,5.48	
water,unknown,Phione,25.81	
electric,unknown,Pichu,20.0	
normal,flying,Pidgeot,2.03	
normal,flying,Pidgeotto,2.0	
normal,flying,Pidgey,25.0	
normal,flying,Pidove,26.19	
fire,fighting,Pignite,1.68	
electric,unknown,Pikachu,9.17	
normal,flying,Pikipek,62.5	
ice,ground,Piloswine,1.79	
bug,unknown,Pineco,9.03	
bug,unknown,Pinsir,2.82	
water,unknown,Piplup,9.81	
electric,unknown,Plusle,11.9	
water,unknown,Politoed,2.21	
water,unknown,Poliwag,4.03	
water,unknown,Poliwhirl,3.25	
water,fighting,Poliwrath,1.76	
fire,unknown,Ponyta,2.83	
dark,unknown,Poochyena,4.04	
water,unknown,Popplio,7.2	
normal,unknown,Porygon,1.64	
normal,unknown,Porygon-Z,2.35	
normal,unknown,Porygon2,2.46	
water,fairy,Primarina,1.68	
fighting,unknown,Primeape,3.28	
water,unknown,Prinplup,2.87	
rock,steel,Probopass,0.16	
water,unknown,Psyduck,2.65	
ghost,grass,Pumpkaboo,4.4	
rock,ground,Pupitar,0.55	
dark,unknown,Purrloin,4.95	
normal,unknown,Purugly,1.87	
fire,normal,Pyroar,0.83	
water,unknown,Pyukumuku,50.0	
water,ground,Quagsire,1.13	
fire,unknown,Quilava,3.37	
grass,unknown,Quilladin,2.69	
water,poison,Qwilfish,24.36	
electric,unknown,Raikou,0.48	
psychic,fairy,Ralts,3.79	
rock,unknown,Rampardos,1.61	
fire,unknown,Rapidash,1.05	
dragon,flying,Rayquaza,0.87	
ice,unknown,Regice,0.29	
normal,unknown,Regigigas,0.38	
rock,unknown,Regirock,0.43	
steel,unknown,Registeel,0.37	
water,rock,Relicanth,3.85	
water,unknown,Remoraid,5.42	
dragon,fire,Reshiram,0.36	
psychic,unknown,Reuniclus,3.23	
ground,rock,Rhydon,1.08	
ground,rock,Rhyhorn,0.74	
ground,rock,Rhyperior,0.5	
bug,fairy,Ribombee,110.0	
fighting,unknown,Riolu,3.47	
rock,unknown,Rockruff,7.07	
rock,unknown,Roggenrola,4.17	
grass,poison,Roselia,30.0	
grass,poison,Roserade,4.83	
electric,ghost,Rotom,216.67	
grass,flying,Rowlet,36.67	
normal,flying,Rufflet,7.9	
dark,ghost,Sableye,7.73	
dragon,flying,Salamence,1.41	
poison,fire,Salandit,9.17	
poison,fire,Salazzle,2.88	
water,unknown,Samurott,1.06	
ground,dark,Sandile,4.74	
ghost,ground,Sandygast,0.79	
fighting,unknown,Sawk,2.45	
normal,grass,Sawsbuck,1.08	
bug,unknown,Scatterbug,14.0	
grass,unknown,Sceptile,2.11	
bug,steel,Scizor,1.27	
bug,poison,Scolipede,0.5	
dark,fighting,Scrafty,3.0	
dark,fighting,Scraggy,6.36	
bug,flying,Scyther,1.96	
water,unknown,Seadra,2.6	
water,unknown,Seaking,2.36	
ice,water,Sealeo,0.68	
grass,unknown,Seedot,10.0	
water,unknown,Seel,0.5	
water,ground,Seismitoad,1.53	
normal,unknown,Sentret,7.67	
grass,unknown,Serperior,1.19	
grass,unknown,Servine,3.75	
poison,unknown,Seviper,1.9	
bug,grass,Sewaddle,21.2	
water,dark,Sharpedo,1.58	
grass,grass,Shaymin,49.05	
bug,ghost,Shedinja,75.0	
dragon,unknown,Shelgon,0.86	
water,unknown,Shellder,16.25	
water,unknown,Shellos,7.62	
bug,unknown,Shelmet,5.19	
rock,steel,Shieldon,0.74	
grass,dark,Shiftry,1.68	
grass,fairy,Shiinotic,3.91	
electric,unknown,Shinx,6.84	
grass,unknown,Shroomish,8.89	
bug,rock,Shuckle,0.49	
ghost,unknown,Shuppet,32.61	
psychic,flying,Sigilyph,4.14	
bug,unknown,Silcoon,3.5	
normal,unknown,Silvally,0.95	
water,unknown,Simipour,3.38	
grass,unknown,Simisage,3.21	
fire,unknown,Simisear,3.5	
steel,flying,Skarmory,1.58	
grass,unknown,Skiddo,2.1	
grass,flying,Skiploom,45.0	
normal,unknown,Skitty,4.09	
poison,bug,Skorupi,4.17	
poison,water,Skrelp,8.22	
poison,dark,Skuntank,2.45	
normal,unknown,Slaking,1.23	
normal,unknown,Slakoth,2.5	
dragon,unknown,Sliggoo,4.29	
water,psychic,Slowbro,0.96	
water,psychic,Slowking,0.94	
water,psychic,Slowpoke,1.81	
fire,unknown,Slugma,1.14	
fairy,unknown,Slurpuff,16.0	
normal,unknown,Smeargle,0.34	
ice,psychic,Smoochum,5.0	
dark,ice,Sneasel,3.39	
grass,unknown,Snivy,5.56	
normal,unknown,Snorlax,0.24	
ice,unknown,Snorunt,2.98	
grass,ice,Snover,1.23	
fairy,unknown,Snubbull,10.26	
psychic,steel,Solgaleo,0.6	
psychic,unknown,Solosis,30.0	
rock,psychic,Solrock,0.62	
normal,flying,Spearow,30.0	
bug,unknown,Spewpa,2.62	
ice,water,Spheal,1.01	
bug,poison,Spinarak,7.06	
normal,unknown,Spinda,12.0	
ghost,dark,Spiritomb,0.85	
psychic,unknown,Spoink,0.82	
fairy,unknown,Spritzee,104.0	
water,unknown,Squirtle,5.33	
normal,unknown,Stantler,1.33	
normal,flying,Staraptor,4.82	
normal,flying,Staravia,4.84	
normal,flying,Starly,27.5	
water,psychic,Starmie,0.94	
water,unknown,Staryu,1.3	
steel,ground,Steelix,0.31	
grass,unknown,Steenee,4.88	
normal,unknown,Stoutland,1.8	
normal,fighting,Stufful,11.03	
ground,electric,Stunfisk,6.0	
poison,dark,Stunky,3.28	
rock,unknown,Sudowoodo,2.63	
water,unknown,Suicune,0.4	
grass,unknown,Sunflora,8.82	
grass,unknown,Sunkern,16.67	
bug,water,Surskit,17.65	
normal,flying,Swablu,33.33	
bug,grass,Swadloon,8.63	
poison,unknown,Swalot,0.91	
water,ground,Swampert,1.83	
water,flying,Swanna,3.6	
normal,flying,Swellow,4.29	
ice,ground,Swinub,7.69	
fairy,unknown,Swirlix,13.71	
psychic,flying,Swoobat,5.43	
fairy,unknown,Sylveon,2.77	
normal,flying,Taillow,23.91	
fire,flying,Talonflame,3.31	
grass,unknown,Tangela,1.57	
grass,unknown,Tangrowth,0.78	
grass,fairy,Tapu Bulu,2.86	
water,fairy,Tapu Fini,3.54	
electric,fairy,Tapu Koko,5.61	
psychic,fairy,Tapu Lele,4.57	
normal,unknown,Tauros,1.13	
normal,unknown,Teddiursa,9.09	
water,poison,Tentacool,0.88	
water,poison,Tentacruel,1.27	
fire,unknown,Tepig,6.36	
rock,fighting,Terrakion,0.5	
fighting,unknown,Throh,1.8	
electric,flying,Thundurus,1.72	
fighting,unknown,Timburr,6.4	
water,rock,Tirtouga,4.73	
electric,steel,Togedemaru,29.7	
fairy,flying,Togekiss,1.32	
fairy,unknown,Togepi,13.33	
fairy,flying,Togetic,12.5	
fire,unknown,Torchic,24.0	
fire,unknown,Torkoal,1.06	
flying,unknown,Tornadus,1.59	
fire,unknown,Torracat,3.4	
grass,ground,Torterra,0.35	
water,unknown,Totodile,6.84	
normal,flying,Toucannon,4.62	
poison,water,Toxapex,4.34	
poison,fighting,Toxicroak,2.39	
normal,flying,Tranquill,5.13	
ground,unknown,Trapinch,6.67	
grass,unknown,Treecko,9.0	
ghost,grass,Trevenant,1.55	
grass,flying,Tropius,0.68	
poison,unknown,Trubbish,1.61	
normal,flying,Trumbeak,5.74	
grass,unknown,Tsareena,5.61	
fire,dragon,Turtonator,0.37	
grass,unknown,Turtwig,6.67	
water,unknown,Tympole,11.11	
electric,unknown,Tynamo,183.33	
normal,unknown,Type: Null,0.79	
fire,unknown,Typhlosion,1.06	
rock,dark,Tyranitar,0.81	
rock,dragon,Tyrantrum,0.45	
fighting,unknown,Tyrogue,1.67	
rock,dragon,Tyrunt,3.42	
dark,unknown,Umbreon,2.41	
normal,flying,Unfezant,3.97	
psychic,unknown,Unown,14.4	
normal,unknown,Ursaring,1.03	
psychic,unknown,Uxie,250.0	
ice,unknown,Vanillish,1.59	
ice,unknown,Vanillite,8.77	
ice,unknown,Vanilluxe,1.65	
water,unknown,Vaporeon,2.24	
bug,poison,Venipede,8.49	
bug,poison,Venomoth,5.2	
bug,poison,Venonat,1.83	
grass,poison,Venusaur,1.0	
bug,flying,Vespiquen,2.08	
ground,dragon,Vibrava,4.58	
psychic,fire,Victini,25.0	
grass,poison,Victreebel,6.77	
normal,unknown,Vigoroth,1.72	
bug,electric,Vikavolt,1.56	
grass,poison,Vileplume,4.3	
grass,fighting,Virizion,0.45	
bug,flying,Vivillon,3.06	
bug,unknown,Volbeat,4.12	
fire,water,Volcanion,0.56	
bug,fire,Volcarona,1.3	
electric,unknown,Voltorb,2.88	
dark,flying,Vullaby,6.11	
water,unknown,Wailmer,0.54	
water,unknown,Wailord,0.23	
ice,water,Walrein,0.53	
water,unknown,Wartortle,2.8	
normal,unknown,Watchog,3.15	
dark,ice,Weavile,3.53	
bug,poison,Weedle,10.94	
grass,poison,Weepinbell,14.06	
poison,unknown,Weezing,9.47	
grass,fairy,Whimsicott,10.15	
bug,poison,Whirlipede,0.94	
water,ground,Whiscash,3.31	
normal,unknown,Whismur,3.13	
normal,fairy,Wigglytuff,5.83	
bug,water,Wimpod,2.92	
water,flying,Wingull,3.16	
water,unknown,Wishiwashi,466.67	
psychic,unknown,Wobbuffet,1.16	
psychic,flying,Woobat,21.43	
water,ground,Wooper,5.29	
bug,grass,Wormadam,10.62	
bug,unknown,Wurmple,12.5	
psychic,unknown,Wynaut,1.64	
psychic,flying,Xatu,5.0	
fairy,unknown,Xerneas,0.61	
electric,unknown,Xurkitree,0.89	
ghost,unknown,Yamask,20.0	
bug,flying,Yanma,1.71	
bug,flying,Yanmega,1.48	
normal,unknown,Yungoos,11.67	
dark,flying,Yveltal,0.65	
normal,unknown,Zangoose,2.85	
electric,flying,Zapdos,1.71	
electric,unknown,Zebstrika,1.26	
dragon,electric,Zekrom,0.43	
normal,unknown,Zigzagoon,1.71	
dark,unknown,Zoroark,1.29	
dark,unknown,Zorua,5.2	
poison,flying,Zubat,6.0	
dark,dragon,Zweilous,1.7	
dragon,ground,Zygarde,0.35	
