type1,type2,name,feistiness
bug,electric,Joltik,78.33
dark,flying,Murkrow,40.48
dragon,unknown,Dratini,19.39
electric,ghost,Rotom,216.67
fairy,unknown,Flabébé,380
fighting,unknown,Crabrawler,11.71
fire,unknown,Torchic,24
flying,dragon,Noibat,3.75
ghost,poison,Haunter,500
grass,steel,Kartana,1810
ground,unknown,Drilbur,10
ice,unknown,Vanillite,8.77
normal,unknown,Castform,87.5
poison,unknown,Koffing,65
psychic,unknown,Azelf,416.67
rock,fairy,Diancie,18.18
steel,psychic,Jirachi,90.91
water,unknown,Wishiwashi,466.67
